context,variant,repetition,pre_run_whole_device_mib,process_inference_peak_mib,whole_device_inference_peak_mib,input_tokens,output_tokens,post_initialize_device_capacity_mib,post_initialize_device_live_mib,post_initialize_device_slack_mib,post_initialize_pinned_host_capacity_mib,post_initialize_pinned_host_live_mib,post_initialize_pinned_host_slack_mib,post_generation_device_capacity_mib,post_generation_device_live_mib,post_generation_device_slack_mib,post_generation_pinned_host_capacity_mib,post_generation_pinned_host_live_mib,post_generation_pinned_host_slack_mib,post_generator_cleanup_device_capacity_mib,post_generator_cleanup_device_live_mib,post_generator_cleanup_device_slack_mib,post_generator_cleanup_pinned_host_capacity_mib,post_generator_cleanup_pinned_host_live_mib,post_generator_cleanup_pinned_host_slack_mib
2048,baseline,1,767.25,8384.0,9160.125,1801,64,4608.0,3282.234375,1325.765625,0.0,0.0,0.0,7937.0,3532.161865234375,4404.838134765625,0.0,0.0,0.0,7937.0,3282.234375,4654.765625,0.0,0.0,0.0
2048,patched,1,767.25,5954.0,6730.125,1801,64,4226.0,3280.396728515625,945.603271484375,0.0,0.0,0.0,5507.0,3530.32421875,1976.67578125,0.0,0.0,0.0,5507.0,3280.396728515625,2226.603271484375,0.0,0.0,0.0
2048,baseline,2,767.25,8002.0,8778.125,1801,64,4226.0,3280.396728515625,945.603271484375,0.0,0.0,0.0,7555.0,3530.32421875,4024.67578125,0.0,0.0,0.0,7555.0,3280.396728515625,4274.603271484375,0.0,0.0,0.0
2048,patched,2,767.25,5824.0,6600.125,1801,64,4095.0,3277.810546875,817.189453125,0.0,0.0,0.0,5376.0,3527.738037109375,1848.261962890625,0.0,0.0,0.0,5376.0,3277.810546875,2098.189453125,0.0,0.0,0.0
2048,baseline,3,767.25,7872.0,8648.125,1801,64,4095.0,3277.810546875,817.189453125,0.0,0.0,0.0,7424.0,3527.738037109375,3896.261962890625,0.0,0.0,0.0,7424.0,3277.810546875,4146.189453125,0.0,0.0,0.0
2048,patched,3,767.25,5954.0,6730.125,1801,64,4226.0,3280.396728515625,945.603271484375,0.0,0.0,0.0,5507.0,3530.32421875,1976.67578125,0.0,0.0,0.0,5507.0,3280.396728515625,2226.603271484375,0.0,0.0,0.0
32768,baseline,1,767.25,59848.0,60624.125,28747,64,4095.0,3277.810546875,817.189453125,0.0,0.0,0.0,59400.0,6978.7119140625,52421.2880859375,0.0,0.0,0.0,59400.0,3277.810546875,56122.189453125,0.0,0.0,0.0
32768,patched,1,767.25,27080.0,27856.125,28747,64,4096.0,3288.390869140625,807.609130859375,0.0,0.0,0.0,26633.0,6989.292236328125,19643.707763671875,0.0,0.0,0.0,26633.0,3288.390869140625,23344.609130859375,0.0,0.0,0.0
32768,baseline,2,767.25,59848.0,60624.125,28747,64,4096.0,3288.390869140625,807.609130859375,0.0,0.0,0.0,59401.0,6989.292236328125,52411.707763671875,0.0,0.0,0.0,59401.0,3288.390869140625,56112.609130859375,0.0,0.0,0.0
32768,patched,2,767.25,27084.0,27860.125,28747,64,5123.0,3313.3671875,1809.6328125,0.0,0.0,0.0,26636.0,7014.2685546875,19621.7314453125,0.0,0.0,0.0,26636.0,3313.3671875,23322.6328125,0.0,0.0,0.0
32768,baseline,3,767.25,59848.0,60624.125,28747,64,4096.0,3303.75390625,792.24609375,0.0,0.0,0.0,59401.0,7004.6552734375,52396.3447265625,0.0,0.0,0.0,59401.0,3303.75390625,56097.24609375,0.0,0.0,0.0
32768,patched,3,767.25,27082.0,27858.125,28747,64,5122.0,3284.98046875,1837.01953125,0.0,0.0,0.0,26635.0,6985.8818359375,19649.1181640625,0.0,0.0,0.0,26635.0,3284.98046875,23350.01953125,0.0,0.0,0.0
